{
	"info": {
		"_postman_id": "e30f782f-84ac-434b-9803-b8376495edfe",
		"name": "Проверка логин + пароль",
		"schema": "https://schema.getpostman.com/json/collection/v2.1.0/collection.json"
	},
	"item": [
		{
			"name": "REGISTER - SUCCESSFUL Copy",
			"event": [
				{
					"listen": "test",
					"script": {
						"exec": [
							""
						],
						"type": "text/javascript"
					}
				}
			],
			"request": {
				"method": "POST",
				"header": [],
				"body": {
					"mode": "raw",
					"raw": "{\r\n    \"email\": \"{{e-mail}}\",\r\n    \"password\": \"{{password}}\"\r\n}",
					"options": {
						"raw": {
							"language": "json"
						}
					}
				},
				"url": {
					"raw": "{{url}}api/register",
					"host": [
						"{{url}}api"
					],
					"path": [
						"register"
					]
				}
			},
			"response": []
		}
	]
}