{
	"info": {
		"_postman_id": "346a2965-a1d2-4a62-b938-5f5677e69ebc",
		"name": "Проверка имя + профессия",
		"schema": "https://schema.getpostman.com/json/collection/v2.1.0/collection.json"
	},
	"item": [
		{
			"name": "CREATE Copy",
			"event": [
				{
					"listen": "test",
					"script": {
						"exec": [
							""
						],
						"type": "text/javascript"
					}
				}
			],
			"request": {
				"method": "POST",
				"header": [],
				"body": {
					"mode": "raw",
					"raw": "{\r\n    \"name\": \"{{name}}\",\r\n    \"job\": \"{{profession}}\"\r\n}",
					"options": {
						"raw": {
							"language": "json"
						}
					}
				},
				"url": {
					"raw": "{{url}}api/users",
					"host": [
						"{{url}}api"
					],
					"path": [
						"users"
					]
				}
			},
			"response": []
		}
	]
}